Person ID,Gender,Age,Date Reported Missing,Time Reported Missing,Location last seen,Latitude,Longitude,Barangay District,Post URL
MP00001,Male,28,2021-04-11,01:23,Street 30,14.532462397639062,121.03077804369379,Sampaloc,https://example.com/post/1
MP00002,Male,29,2021-04-04,15:14,Street 62,14.59983164614375,121.0129854049286,Port Area,https://example.com/post/2
MP00003,Male,20,2024-03-08,13:49,Street 9,14.653549292047733,121.04870695631546,San Nicolas,https://example.com/post/3
MP00004,Male,53,2022-08-13,07:03,Street 2,14.561418469531132,120.96163235985817,Port Area,https://example.com/post/4
MP00005,Female,19,2021-02-05,07:13,Street 87,14.599870685636516,121.02363314557017,Pandacan,https://example.com/post/5
MP00006,Male,13,2022-03-02,06:08,Street 88,14.604769720804605,121.01703542232028,Poblacion,https://example.com/post/6
MP00007,Female,22,2021-02-22,08:07,Street 12,14.567426102166904,121.0062655866284,San Miguel,https://example.com/post/7
MP00008,Female,38,2024-10-17,04:46,Street 78,14.595945357574587,120.97599233382627,Santa Cruz,https://example.com/post/8
MP00009,Male,6,2021-02-01,18:31,Street 52,14.58082474318176,120.99988416375308,Paco,https://example.com/post/9
MP00010,Male,13,2022-01-18,01:41,Street 45,14.55030656224325,121.03154225143024,Port Area,https://example.com/post/10
MP00011,Female,16,2024-07-01,19:12,Street 3,14.597394857319978,120.96509307110564,Tondo,https://example.com/post/11
MP00012,Female,16,2023-06-11,19:11,Street 39,14.622392585158993,121.0409870935447,San Miguel,https://example.com/post/12
MP00013,Male,10,2023-01-09,00:00,Street 19,14.629249363311287,121.02954827641194,Port Area,https://example.com/post/13
MP00014,Female,16,2024-09-29,23:04,Street 98,14.559124817167225,121.05190657122344,Sampaloc,https://example.com/post/14
MP00015,Male,46,2023-05-09,03:18,Street 90,14.660948474647432,121.06026977382486,Santa Cruz,https://example.com/post/15
MP00016,Male,0,2021-05-03,17:22,Street 31,14.636294040142824,121.04400132461849,Port Area,https://example.com/post/16
MP00017,Female,52,2020-12-11,04:36,Street 32,14.625370344347393,120.99768271367132,Sta. Mesa,https://example.com/post/17
MP00018,Female,31,2020-07-26,03:37,Street 84,14.61879621164657,120.96290337694275,Port Area,https://example.com/post/18
MP00019,Female,19,2020-06-01,03:32,Street 68,14.662037881415742,121.04610999131677,Poblacion,https://example.com/post/19
MP00020,Male,6,2023-11-16,22:21,Street 30,14.567149462795964,120.9549500529134,Sampaloc,https://example.com/post/20
MP00021,Female,13,2020-01-27,18:03,Street 35,14.594610244369893,120.97660549284625,Poblacion,https://example.com/post/21
MP00022,Male,55,2022-12-05,20:30,Street 99,14.59926833360436,120.98801197410229,Pandacan,https://example.com/post/22
MP00023,Female,13,2022-07-16,02:39,Street 46,14.59515086046192,120.97469485303199,Quiapo,https://example.com/post/23
MP00024,Male,25,2023-11-10,09:54,Street 26,14.61026417436892,120.99944059404339,Santa Cruz,https://example.com/post/24
MP00025,Female,3,2021-11-15,14:27,Street 98,14.619400953726121,121.09935462981309,San Miguel,https://example.com/post/25
MP00026,Male,5,2023-02-22,10:59,Street 97,14.696993171333471,121.01205469614817,Quiapo,https://example.com/post/26
MP00027,Female,3,2022-09-18,09:29,Street 19,14.600607972662733,120.97417528069015,Poblacion,https://example.com/post/27
MP00028,Male,24,2022-01-10,00:46,Street 34,14.634849585231347,121.04710527117066,Port Area,https://example.com/post/28
MP00029,Male,22,2023-07-19,21:56,Street 29,14.5742823209133,121.0025572389411,Port Area,https://example.com/post/29
MP00030,Male,14,2023-05-12,22:57,Street 10,14.563576388562925,121.0398926810686,Sampaloc,https://example.com/post/30
MP00031,Male,14,2022-01-31,22:01,Street 92,14.569912091048652,120.9876921800126,Sta. Mesa,https://example.com/post/31
MP00032,Female,20,2021-01-14,07:09,Street 43,14.516752460350228,121.05001081523355,Pandacan,https://example.com/post/32
MP00033,Male,14,2022-02-14,20:49,Street 75,14.566671344678952,120.98135196522571,Paco,https://example.com/post/33
MP00034,Male,26,2021-11-06,16:38,Street 96,14.56367297348104,121.02282536632664,Quiapo,https://example.com/post/34
MP00035,Female,26,2020-10-05,21:12,Street 59,14.591689564706513,120.95497672374512,Santa Cruz,https://example.com/post/35
MP00036,Male,27,2024-12-24,19:58,Street 85,14.591274188186805,121.00388047089126,Ermita,https://example.com/post/36
MP00037,Male,27,2020-04-18,22:28,Street 75,14.588882396341043,120.98976691018528,San Miguel,https://example.com/post/37
MP00038,Female,40,2022-07-01,04:28,Street 37,14.572479685885543,121.03432128466451,Sampaloc,https://example.com/post/38
MP00039,Female,13,2023-09-27,18:43,Street 54,14.671913849263607,121.05414970503244,Tondo,https://example.com/post/39
MP00040,Female,38,2023-02-23,02:12,Street 92,14.634865600426888,121.025960462911,Port Area,https://example.com/post/40
MP00041,Female,0,2022-04-03,14:20,Street 80,14.570587800550559,120.96731726172965,Sampaloc,https://example.com/post/41
MP00042,Female,18,2023-11-26,09:31,Street 16,14.585872547754551,120.97828701155876,Quiapo,https://example.com/post/42
MP00043,Male,16,2023-02-19,04:40,Street 64,14.548536440934505,121.00965141067046,Sta. Mesa,https://example.com/post/43
MP00044,Female,20,2021-04-05,01:09,Street 56,14.586593555816052,120.95218777981945,Port Area,https://example.com/post/44
MP00045,Female,14,2022-10-12,21:58,Street 27,14.584465384649803,121.0260916984032,Poblacion,https://example.com/post/45
MP00046,Female,71,2021-12-09,16:20,Street 78,14.580773661845523,120.96751248616062,Binondo,https://example.com/post/46
MP00047,Male,13,2024-01-09,01:53,Street 3,14.601905912634239,120.99448877668118,Sta. Mesa,https://example.com/post/47
MP00048,Female,18,2021-01-23,13:01,Street 75,14.612499458058146,121.04536490372857,Santa Cruz,https://example.com/post/48
MP00049,Male,36,2022-03-08,22:41,Street 51,14.55578141748521,121.02920702312154,Poblacion,https://example.com/post/49
MP00050,Male,29,2023-11-25,10:42,Street 75,14.57250659476245,121.00559345955087,Santa Cruz,https://example.com/post/50
MP00051,Female,25,2023-10-29,17:57,Street 51,14.64633950405026,120.96216290400037,Santa Cruz,https://example.com/post/51
MP00052,Female,14,2021-06-17,16:13,Street 90,14.565794847632551,120.96134254335475,Paco,https://example.com/post/52
MP00053,Female,10,2020-12-15,19:14,Street 47,14.636705489840148,121.05367959821469,Intramuros,https://example.com/post/53
MP00054,Female,28,2023-11-10,10:46,Street 18,14.612941807612653,121.05424225445041,San Nicolas,https://example.com/post/54
MP00055,Male,37,2024-07-12,11:24,Street 17,14.633275062377702,121.04486501145404,Paco,https://example.com/post/55
MP00056,Female,21,2020-08-20,16:43,Street 83,14.511166372214557,121.01657931997539,San Nicolas,https://example.com/post/56
MP00057,Male,25,2023-09-05,21:20,Street 70,14.613729085303897,120.97841244105734,Sampaloc,https://example.com/post/57
MP00058,Female,36,2021-10-07,10:07,Street 26,14.570649684089567,121.02730408120571,Santa Cruz,https://example.com/post/58
MP00059,Male,15,2023-02-15,13:37,Street 37,14.563147524821083,120.98861197337186,Port Area,https://example.com/post/59
MP00060,Female,0,2020-09-15,12:39,Street 2,14.646740740625974,121.05893656188648,Ermita,https://example.com/post/60
MP00061,Male,78,2024-04-22,23:10,Street 9,14.598066519268851,120.96372362961021,San Miguel,https://example.com/post/61
MP00062,Female,41,2023-09-05,02:20,Street 37,14.568062019035136,121.02061584681009,Malate,https://example.com/post/62
MP00063,Female,27,2020-05-11,18:37,Street 97,14.656495497137929,121.09090801597291,Tondo,https://example.com/post/63
MP00064,Male,22,2021-05-17,05:02,Street 7,14.606038547475285,120.97981798942382,Santa Cruz,https://example.com/post/64
MP00065,Male,16,2024-08-19,04:26,Street 55,14.615869928149888,121.01399424172199,Poblacion,https://example.com/post/65
MP00066,Female,9,2024-07-16,23:51,Street 56,14.584895426249194,121.03244068960093,Intramuros,https://example.com/post/66
MP00067,Female,19,2020-11-19,04:19,Street 11,14.55602761103791,121.0367239385631,Port Area,https://example.com/post/67
MP00068,Female,28,2020-01-23,00:46,Street 60,14.585544289170153,121.00869476825612,Sta. Mesa,https://example.com/post/68
MP00069,Female,9,2024-12-27,10:22,Street 1,14.578799412946015,121.0378485003779,Port Area,https://example.com/post/69
MP00070,Male,39,2022-07-24,08:34,Street 63,14.577514498245774,120.99908383036941,Ermita,https://example.com/post/70
MP00071,Male,0,2020-12-12,06:51,Street 70,14.568385000482568,120.92850728710435,Malate,https://example.com/post/71
MP00072,Female,57,2021-10-23,19:53,Street 86,14.621109197380108,120.94730189519407,Pandacan,https://example.com/post/72
MP00073,Male,28,2024-10-25,15:39,Street 19,14.564833721541454,120.9589888431052,San Miguel,https://example.com/post/73
MP00074,Male,48,2020-07-12,07:28,Street 55,14.594400455651584,121.01427985977166,Tondo,https://example.com/post/74
MP00075,Male,24,2020-06-10,22:02,Street 88,14.622549766105644,121.03384366624819,Tondo,https://example.com/post/75
MP00076,Male,15,2022-01-30,23:13,Street 32,14.702127447193776,121.05238010733801,Quiapo,https://example.com/post/76
MP00077,Male,15,2022-04-02,18:35,Street 29,14.64518380868796,121.02824937497134,Pandacan,https://example.com/post/77
MP00078,Male,24,2023-11-10,08:33,Street 53,14.584269975381018,121.00597389181891,Pandacan,https://example.com/post/78
MP00079,Female,20,2020-05-07,06:08,Street 22,14.670136453803455,121.04878083498727,Sta. Mesa,https://example.com/post/79
MP00080,Male,22,2022-04-17,04:24,Street 76,14.576760505335557,121.0474285074893,Tondo,https://example.com/post/80
MP00081,Female,14,2022-03-31,18:52,Street 36,14.608810668903317,121.00860989270522,Santa Cruz,https://example.com/post/81
MP00082,Female,20,2020-07-05,04:55,Street 33,14.625588307765149,121.01980772437314,San Nicolas,https://example.com/post/82
MP00083,Female,13,2023-06-21,20:08,Street 73,14.53006083748508,121.02730453554258,Quiapo,https://example.com/post/83
MP00084,Male,9,2024-06-27,18:29,Street 98,14.632599567514733,120.9701144173882,Pandacan,https://example.com/post/84
MP00085,Female,0,2022-03-27,18:07,Street 95,14.670414454336472,121.03751070903724,Malate,https://example.com/post/85
MP00086,Male,19,2021-12-10,14:31,Street 10,14.625225372268092,121.00544419701828,Tondo,https://example.com/post/86
MP00087,Male,14,2020-09-06,22:28,Street 82,14.604931576743908,120.9586650284836,Intramuros,https://example.com/post/87
MP00088,Male,6,2024-02-22,04:42,Street 40,14.54539099635192,121.04213034825138,San Nicolas,https://example.com/post/88
MP00089,Female,19,2024-03-19,01:54,Street 99,14.581377192395214,121.03075630131258,San Nicolas,https://example.com/post/89
MP00090,Female,10,2024-10-28,15:55,Street 10,14.623367991804109,121.02324034426248,Port Area,https://example.com/post/90
MP00091,Female,25,2021-07-30,15:00,Street 53,14.605239479169079,120.9424956471287,Port Area,https://example.com/post/91
MP00092,Female,15,2022-08-21,06:55,Street 63,14.594598607633674,120.96653685509807,Port Area,https://example.com/post/92
MP00093,Male,3,2024-05-26,08:48,Street 3,14.648758008651933,121.05048637772909,Quiapo,https://example.com/post/93
MP00094,Female,20,2020-03-02,08:03,Street 14,14.604810084959796,120.96578507412501,Malate,https://example.com/post/94
MP00095,Male,33,2021-09-26,14:39,Street 25,14.564186656020123,121.00473257625815,Malate,https://example.com/post/95
MP00096,Male,28,2022-09-01,15:12,Street 28,14.64716105545012,121.03343405510924,Malate,https://example.com/post/96
MP00097,Female,20,2020-08-11,00:05,Street 88,14.576071542078544,121.00096786546895,Santa Cruz,https://example.com/post/97
MP00098,Female,14,2023-09-30,18:30,Street 23,14.571109643623947,121.03454548062214,San Nicolas,https://example.com/post/98
MP00099,Male,19,2024-04-23,12:45,Street 27,14.598262017512228,121.03507782091873,Poblacion,https://example.com/post/99
MP00100,Male,13,2021-11-30,08:31,Street 98,14.572302877180402,120.99912507132055,Intramuros,https://example.com/post/100
MP00101,Male,68,2022-09-15,11:21,Street 17,14.566857930194331,121.02813218246312,San Nicolas,https://example.com/post/101
MP00102,Male,2,2022-02-01,14:31,Street 51,14.587769038229574,121.02241609176917,Sta. Mesa,https://example.com/post/102
MP00103,Female,41,2023-01-27,19:21,Street 75,14.62266598822384,121.02133940938572,Sta. Mesa,https://example.com/post/103
MP00104,Male,23,2022-05-18,05:14,Street 34,14.663704023559173,121.04741648272442,Paco,https://example.com/post/104
MP00105,Male,77,2024-03-27,16:28,Street 53,14.652184124276003,121.0448119479454,Quiapo,https://example.com/post/105
MP00106,Female,33,2021-01-21,13:06,Street 17,14.659898580516444,121.061550286543,Port Area,https://example.com/post/106
MP00107,Female,23,2022-10-13,16:07,Street 21,14.562010134696534,120.99280553858577,San Miguel,https://example.com/post/107
MP00108,Male,31,2024-04-16,21:50,Street 88,14.658545589245453,121.01238267643986,Binondo,https://example.com/post/108
MP00109,Female,31,2024-01-26,00:01,Street 97,14.60275524157848,120.96596411022497,Poblacion,https://example.com/post/109
MP00110,Female,24,2020-04-25,17:14,Street 98,14.594116277366373,120.98247723109033,San Nicolas,https://example.com/post/110
MP00111,Male,23,2021-09-26,11:07,Street 72,14.560210211246966,121.00842909368788,San Miguel,https://example.com/post/111
MP00112,Female,21,2020-09-07,02:40,Street 60,14.5431107345186,121.0461801996357,San Nicolas,https://example.com/post/112
MP00113,Female,20,2024-03-27,22:52,Street 55,14.663705631499194,121.0807470600392,Santa Cruz,https://example.com/post/113
MP00114,Male,25,2021-10-23,02:28,Street 54,14.589250863402015,121.03312647339348,Intramuros,https://example.com/post/114
MP00115,Female,25,2024-10-14,23:49,Street 49,14.592767545453578,120.99123509353187,Santa Cruz,https://example.com/post/115
MP00116,Female,19,2024-03-15,21:11,Street 3,14.633178553829158,120.97502231474262,Paco,https://example.com/post/116
MP00117,Male,21,2022-05-16,01:54,Street 37,14.636636069857579,121.03784032191514,Malate,https://example.com/post/117
MP00118,Male,15,2021-01-15,01:34,Street 5,14.558522647009903,120.97440989049026,Intramuros,https://example.com/post/118
MP00119,Male,28,2020-10-27,09:11,Street 94,14.590145975973764,120.99113007763462,Binondo,https://example.com/post/119
MP00120,Female,13,2022-08-29,16:48,Street 44,14.643295005756185,120.95900160067254,Quiapo,https://example.com/post/120
MP00121,Male,55,2023-06-28,22:34,Street 70,14.55817816083313,121.04618873418721,Malate,https://example.com/post/121
MP00122,Female,14,2020-10-02,06:30,Street 56,14.610715120160124,120.9926376399007,Intramuros,https://example.com/post/122
MP00123,Female,19,2020-05-30,00:54,Street 8,14.692467494095615,121.0466082074369,Paco,https://example.com/post/123
MP00124,Female,9,2023-03-14,03:32,Street 1,14.574343116737278,120.97666411306729,Santa Cruz,https://example.com/post/124
MP00125,Female,23,2023-05-28,08:52,Street 77,14.593183697354325,121.01350745369653,Intramuros,https://example.com/post/125
MP00126,Female,36,2023-01-30,18:44,Street 75,14.605547976884765,120.96849293714976,Poblacion,https://example.com/post/126
MP00127,Male,29,2021-12-11,05:25,Street 11,14.621685204044459,120.95495928056997,Santa Cruz,https://example.com/post/127
MP00128,Male,9,2020-03-25,11:04,Street 98,14.609155647418431,121.05470859290209,Malate,https://example.com/post/128
MP00129,Female,19,2020-12-08,10:54,Street 80,14.506370964695751,121.01373792150271,Intramuros,https://example.com/post/129
MP00130,Male,15,2021-12-15,03:47,Street 52,14.571346286239981,120.98504169059402,Port Area,https://example.com/post/130
MP00131,Female,67,2024-07-29,10:06,Street 95,14.651855911711705,121.06479315502692,Pandacan,https://example.com/post/131
MP00132,Female,74,2022-08-16,06:53,Street 1,14.59829355633725,121.03257081416326,Pandacan,https://example.com/post/132
MP00133,Female,14,2022-06-05,09:07,Street 24,14.585839226664932,120.97998430817289,Poblacion,https://example.com/post/133
MP00134,Female,37,2021-10-25,09:32,Street 55,14.591954511605165,121.00113400790082,San Miguel,https://example.com/post/134
MP00135,Female,0,2023-06-03,06:31,Street 11,14.586887254945058,120.96250179171044,San Nicolas,https://example.com/post/135
MP00136,Male,20,2023-07-01,06:40,Street 75,14.628689872067671,120.95049378122476,Tondo,https://example.com/post/136
MP00137,Female,16,2023-01-30,03:02,Street 73,14.5624992117206,121.04848136037769,Quiapo,https://example.com/post/137
MP00138,Female,16,2021-12-08,05:07,Street 50,14.586514449098681,120.95972119466475,Santa Cruz,https://example.com/post/138
MP00139,Male,67,2023-02-27,19:07,Street 22,14.531247934862774,120.9997306379744,Pandacan,https://example.com/post/139
MP00140,Female,14,2020-07-26,19:02,Street 16,14.589286152227245,121.03488827169774,Port Area,https://example.com/post/140
MP00141,Male,48,2020-10-12,15:11,Street 38,14.561334035513228,120.9929863122371,Ermita,https://example.com/post/141
MP00142,Male,14,2020-12-26,22:25,Street 68,14.595459312336013,120.99881020235014,San Miguel,https://example.com/post/142
MP00143,Female,16,2023-09-01,12:34,Street 30,14.658006019860435,121.07744144294436,Quiapo,https://example.com/post/143
MP00144,Male,3,2022-10-27,02:17,Street 78,14.614447846281438,121.02873395612392,Ermita,https://example.com/post/144
MP00145,Female,21,2022-03-03,19:02,Street 99,14.630817911316631,121.0317939646576,Binondo,https://example.com/post/145
MP00146,Female,1,2022-07-05,12:30,Street 78,14.583509221575348,120.99123095917652,Ermita,https://example.com/post/146
MP00147,Male,19,2021-11-02,01:10,Street 50,14.62361533646326,121.01312086228351,Paco,https://example.com/post/147
MP00148,Female,20,2020-05-28,03:38,Street 40,14.57488448908468,120.97899319018556,Poblacion,https://example.com/post/148
MP00149,Female,3,2022-03-30,02:06,Street 27,14.545714027472311,120.99544870498518,Pandacan,https://example.com/post/149
MP00150,Female,28,2023-04-21,23:38,Street 5,14.58476413225509,120.9751636851594,Poblacion,https://example.com/post/150
MP00151,Female,16,2022-09-21,07:34,Street 93,14.576093803016539,120.98878582999201,Ermita,https://example.com/post/151
MP00152,Male,18,2021-01-31,00:09,Street 58,14.605823406549872,120.97301352645695,Pandacan,https://example.com/post/152
MP00153,Female,47,2022-02-14,12:18,Street 69,14.576033019581917,121.00343567800415,Pandacan,https://example.com/post/153
MP00154,Male,31,2023-05-08,16:04,Street 20,14.587413218568734,120.98268365208364,Malate,https://example.com/post/154
MP00155,Female,20,2021-03-11,21:31,Street 8,14.613815242648029,121.02193500069599,San Nicolas,https://example.com/post/155
MP00156,Male,8,2020-12-25,03:13,Street 41,14.558180371132412,121.02931467965843,Binondo,https://example.com/post/156
MP00157,Female,29,2024-12-06,15:31,Street 32,14.628343987091903,121.02124280091418,Pandacan,https://example.com/post/157
MP00158,Male,26,2022-07-24,17:21,Street 30,14.601800945409142,121.00551580665322,Ermita,https://example.com/post/158
MP00159,Female,13,2020-04-22,20:12,Street 21,14.575482384360381,121.01805969050702,Port Area,https://example.com/post/159
MP00160,Female,10,2021-10-23,19:26,Street 50,14.551760024356058,121.0171106547496,Intramuros,https://example.com/post/160
MP00161,Female,18,2020-10-04,06:43,Street 25,14.642216019559438,121.03059702171127,Malate,https://example.com/post/161
MP00162,Female,21,2023-07-08,10:24,Street 10,14.63563618840084,121.0272405328721,Malate,https://example.com/post/162
MP00163,Female,40,2022-11-02,13:13,Street 34,14.640407169015637,121.02719553226981,Malate,https://example.com/post/163
MP00164,Male,6,2024-10-24,03:19,Street 10,14.622027337219913,120.9998806636093,Quiapo,https://example.com/post/164
MP00165,Male,15,2022-04-01,12:19,Street 17,14.658578239464724,121.03189949184689,Tondo,https://example.com/post/165
MP00166,Female,21,2024-10-30,17:18,Street 31,14.590543118215214,121.0260220048808,Pandacan,https://example.com/post/166
MP00167,Female,36,2020-07-29,15:44,Street 94,14.576505490126886,120.99598030877854,Tondo,https://example.com/post/167
MP00168,Male,29,2024-07-09,00:16,Street 70,14.582634787914126,120.98149514208735,Ermita,https://example.com/post/168
MP00169,Male,24,2024-09-29,09:49,Street 3,14.547707756264444,121.02963325945393,Paco,https://example.com/post/169
MP00170,Male,15,2021-07-16,04:19,Street 49,14.653517724938224,121.01403121268875,Malate,https://example.com/post/170
MP00171,Female,68,2024-06-13,03:05,Street 41,14.612227562458365,121.02893943467907,Sampaloc,https://example.com/post/171
MP00172,Male,13,2024-06-07,02:54,Street 92,14.54921543285891,121.004413744847,Port Area,https://example.com/post/172
MP00173,Male,23,2024-06-29,19:17,Street 57,14.627371692524665,121.0062364209864,Malate,https://example.com/post/173
MP00174,Female,1,2022-12-29,20:41,Street 26,14.576122491475694,121.00983686447864,Pandacan,https://example.com/post/174
MP00175,Male,15,2024-05-23,20:11,Street 61,14.607666903287896,120.9841060119112,Binondo,https://example.com/post/175
MP00176,Male,67,2021-05-04,10:40,Street 39,14.590964857662353,120.97336330024663,Sampaloc,https://example.com/post/176
MP00177,Male,27,2020-07-16,09:33,Street 16,14.582948195587026,120.98592287766093,Santa Cruz,https://example.com/post/177
MP00178,Male,33,2023-08-10,06:20,Street 20,14.559547601572195,120.99726102619321,San Nicolas,https://example.com/post/178
MP00179,Female,77,2021-01-10,16:01,Street 25,14.557153406319896,121.05689356916939,Quiapo,https://example.com/post/179
MP00180,Female,48,2022-10-08,23:11,Street 74,14.652366941419865,121.06702569562866,Quiapo,https://example.com/post/180
MP00181,Female,65,2024-06-08,09:59,Street 84,14.56195141630053,121.05176843908946,Sampaloc,https://example.com/post/181
MP00182,Female,19,2022-05-26,22:07,Street 32,14.562301574168837,121.00202761331133,Pandacan,https://example.com/post/182
MP00183,Female,26,2020-12-31,12:54,Street 21,14.670769969071058,121.03684166954804,Port Area,https://example.com/post/183
MP00184,Female,0,2020-05-10,08:51,Street 50,14.584197736389447,120.96175260431372,Sampaloc,https://example.com/post/184
MP00185,Male,16,2021-04-01,20:27,Street 90,14.6562341808781,121.0640428112697,Port Area,https://example.com/post/185
MP00186,Female,19,2020-02-10,16:04,Street 11,14.588194304472019,120.97598582681795,Port Area,https://example.com/post/186
MP00187,Male,1,2020-09-28,08:19,Street 1,14.632625962785397,121.05588718563443,Quiapo,https://example.com/post/187
MP00188,Female,70,2020-05-22,06:08,Street 99,14.653227591590928,121.08817857998118,Pandacan,https://example.com/post/188
MP00189,Male,15,2021-10-07,20:07,Street 62,14.582044152857799,120.99213120191362,Santa Cruz,https://example.com/post/189
MP00190,Female,14,2022-05-05,09:18,Street 73,14.639993436280921,121.04758933435392,Pandacan,https://example.com/post/190
MP00191,Male,24,2023-01-01,20:35,Street 40,14.555477311240972,121.02748631663268,Poblacion,https://example.com/post/191
MP00192,Female,20,2020-03-29,03:27,Street 8,14.599111607882246,120.97813640434332,San Miguel,https://example.com/post/192
MP00193,Female,18,2024-07-13,17:20,Street 21,14.575537918734716,120.95873680461516,Malate,https://example.com/post/193
MP00194,Female,34,2022-10-09,00:07,Street 45,14.553435530870342,120.99396944693216,Tondo,https://example.com/post/194
MP00195,Female,27,2021-06-10,18:03,Street 55,14.553183527569635,121.04191015961023,Tondo,https://example.com/post/195
MP00196,Female,19,2021-08-01,22:37,Street 6,14.549778750237401,121.00753506809367,Sampaloc,https://example.com/post/196
MP00197,Female,18,2024-01-30,15:44,Street 84,14.61563128353362,120.9883209903576,Quiapo,https://example.com/post/197
MP00198,Male,0,2023-08-18,20:52,Street 49,14.595401299243736,120.98433736509878,Port Area,https://example.com/post/198
MP00199,Male,7,2024-12-05,06:54,Street 41,14.616647014055264,121.01869020422137,Tondo,https://example.com/post/199
MP00200,Female,49,2022-06-25,12:11,Street 61,14.570529223156848,120.9794626847536,Poblacion,https://example.com/post/200
MP00201,Male,47,2020-06-22,03:29,Street 33,14.59015726654374,120.98559331045196,Intramuros,https://example.com/post/201
MP00202,Male,7,2021-02-15,06:01,Street 63,14.536937042085453,121.01826237702625,Paco,https://example.com/post/202
MP00203,Male,15,2023-07-13,05:26,Street 2,14.615679710300661,120.99030639559095,Paco,https://example.com/post/203
MP00204,Female,29,2023-01-09,04:20,Street 62,14.627825475853587,121.05157119411554,Poblacion,https://example.com/post/204
MP00205,Male,28,2024-12-24,20:37,Street 30,14.616609200173654,121.00994648780305,Pandacan,https://example.com/post/205
MP00206,Male,26,2023-03-25,21:35,Street 33,14.565261367354925,121.03417383905419,Quiapo,https://example.com/post/206
MP00207,Male,16,2023-05-04,17:27,Street 35,14.604034901799496,120.99801081438495,Sta. Mesa,https://example.com/post/207
MP00208,Female,19,2021-07-29,03:48,Street 50,14.617031236155581,121.03328259867008,Malate,https://example.com/post/208
MP00209,Male,14,2024-08-16,14:52,Street 30,14.628405045853503,121.05135351711121,San Nicolas,https://example.com/post/209
MP00210,Female,54,2020-05-03,12:58,Street 47,14.568125816646507,120.99861790462678,Port Area,https://example.com/post/210
MP00211,Male,13,2020-12-30,18:57,Street 85,14.607358488738598,120.98828789054187,Port Area,https://example.com/post/211
MP00212,Female,29,2022-04-15,18:16,Street 99,14.567398156082275,121.01422565557804,Pandacan,https://example.com/post/212
MP00213,Female,38,2022-01-31,21:18,Street 64,14.631119192699972,121.06146694908442,Sta. Mesa,https://example.com/post/213
MP00214,Female,11,2024-05-01,19:40,Street 46,14.542628753664205,121.00004320056506,San Nicolas,https://example.com/post/214
MP00215,Female,24,2022-03-30,22:14,Street 27,14.536512704607189,121.02497751446298,Sta. Mesa,https://example.com/post/215
MP00216,Female,49,2022-08-31,12:34,Street 48,14.626753477247341,120.96756996114088,Intramuros,https://example.com/post/216
MP00217,Female,2,2022-04-19,22:15,Street 96,14.571807067586109,121.00346177996427,Sampaloc,https://example.com/post/217
MP00218,Female,26,2020-10-03,02:18,Street 8,14.621194860798557,120.98640141212695,San Nicolas,https://example.com/post/218
MP00219,Female,58,2024-04-21,08:00,Street 36,14.597025433274657,120.97707056725264,Santa Cruz,https://example.com/post/219
MP00220,Female,23,2022-03-12,12:44,Street 96,14.604649163281712,121.00484969368816,San Miguel,https://example.com/post/220
MP00221,Female,16,2024-03-31,01:01,Street 90,14.577003815744202,120.98937214884712,Paco,https://example.com/post/221
MP00222,Female,37,2023-05-23,20:12,Street 21,14.549117830502006,121.04495408813212,Santa Cruz,https://example.com/post/222
MP00223,Female,40,2020-01-31,19:31,Street 14,14.606024770971775,120.96762845110757,San Miguel,https://example.com/post/223
MP00224,Male,43,2022-04-26,22:30,Street 78,14.539360267797287,121.00371797621087,San Miguel,https://example.com/post/224
MP00225,Female,47,2022-05-22,21:37,Street 81,14.62022435157995,121.03854479561879,Tondo,https://example.com/post/225
MP00226,Male,16,2022-07-28,01:43,Street 68,14.567631582221273,121.01371896146304,Ermita,https://example.com/post/226
MP00227,Female,5,2020-06-25,00:59,Street 91,14.605908108763499,121.04119943330778,Binondo,https://example.com/post/227
MP00228,Female,61,2020-08-22,08:20,Street 84,14.600810837964593,121.01012827827988,Santa Cruz,https://example.com/post/228
MP00229,Male,24,2023-01-29,13:34,Street 71,14.641937803515129,121.05219553939533,Binondo,https://example.com/post/229
MP00230,Female,26,2020-01-31,00:35,Street 87,14.60110243643897,120.97079816038111,Paco,https://example.com/post/230
MP00231,Female,3,2023-07-10,21:53,Street 65,14.561559877286847,120.96884072992323,Ermita,https://example.com/post/231
MP00232,Female,14,2023-08-29,13:12,Street 37,14.558830343269038,120.94894928473158,Sampaloc,https://example.com/post/232
MP00233,Female,75,2020-04-20,05:00,Street 84,14.604739282436036,120.9695238299948,Tondo,https://example.com/post/233
MP00234,Male,16,2024-06-15,04:05,Street 7,14.537382671257419,121.01001513324074,Malate,https://example.com/post/234
MP00235,Female,14,2022-01-25,06:35,Street 51,14.60153712590524,121.0151804030299,Binondo,https://example.com/post/235
MP00236,Male,7,2024-03-07,01:33,Street 28,14.658124257361138,121.0724647715709,Paco,https://example.com/post/236
MP00237,Female,74,2024-06-13,14:31,Street 28,14.540799126797006,121.02357661046175,Sampaloc,https://example.com/post/237
MP00238,Male,27,2023-05-07,20:07,Street 68,14.61274962120329,120.96687546103986,Intramuros,https://example.com/post/238
MP00239,Female,25,2024-09-06,17:04,Street 84,14.577157279074676,121.03475087551625,Ermita,https://example.com/post/239
MP00240,Female,79,2022-08-03,05:37,Street 62,14.577718397677044,120.98108357051342,Sampaloc,https://example.com/post/240
MP00241,Female,38,2023-05-31,16:47,Street 75,14.58294851232218,121.0261332178347,Paco,https://example.com/post/241
MP00242,Female,78,2024-05-24,11:10,Street 89,14.600515111594026,121.03407106539541,San Miguel,https://example.com/post/242
MP00243,Female,79,2020-06-02,10:42,Street 80,14.640586872801252,121.03794826672308,San Miguel,https://example.com/post/243
MP00244,Female,41,2020-01-08,17:21,Street 93,14.596270261819113,121.03205744569742,Sampaloc,https://example.com/post/244
MP00245,Female,13,2023-07-02,15:26,Street 22,14.56706976760913,121.02025044954632,Malate,https://example.com/post/245
MP00246,Female,26,2024-08-03,06:48,Street 67,14.650305018129307,121.03966840218654,Ermita,https://example.com/post/246
MP00247,Male,44,2024-07-06,19:52,Street 91,14.559650238331525,121.02740810876352,San Miguel,https://example.com/post/247
MP00248,Female,59,2023-05-01,10:55,Street 51,14.538620552023861,121.0393217623908,Malate,https://example.com/post/248
MP00249,Male,37,2023-02-06,03:22,Street 84,14.669224886430499,121.03992857532458,Intramuros,https://example.com/post/249
MP00250,Male,24,2021-07-06,14:34,Street 37,14.617280561074853,120.99578980176635,Poblacion,https://example.com/post/250
MP00251,Male,2,2022-10-24,12:04,Street 95,14.637640840174845,121.0736676279981,Port Area,https://example.com/post/251
MP00252,Male,14,2023-10-12,02:50,Street 86,14.590204736007605,120.92603263233485,Intramuros,https://example.com/post/252
MP00253,Male,14,2023-09-28,15:58,Street 47,14.579047471395032,121.04081110838013,Sampaloc,https://example.com/post/253
MP00254,Female,15,2022-01-22,16:10,Street 96,14.583894637500759,120.98999794898104,San Nicolas,https://example.com/post/254
MP00255,Female,35,2023-02-08,18:35,Street 81,14.609007320686946,120.9812731529269,Binondo,https://example.com/post/255
MP00256,Male,37,2023-05-06,08:28,Street 73,14.630738841194816,121.04221064938166,Paco,https://example.com/post/256
MP00257,Female,18,2020-06-23,03:17,Street 83,14.57586414093888,121.0431512024441,Sta. Mesa,https://example.com/post/257
MP00258,Female,24,2024-12-29,00:48,Street 40,14.559821097285665,121.01793524070956,Santa Cruz,https://example.com/post/258
MP00259,Female,13,2021-01-24,19:30,Street 68,14.612784463665994,120.9779987279443,Pandacan,https://example.com/post/259
MP00260,Female,33,2022-04-19,17:51,Street 80,14.616631480302782,121.03849715683275,Quiapo,https://example.com/post/260
MP00261,Female,35,2020-05-19,23:58,Street 33,14.530162489309724,121.0157070982042,Port Area,https://example.com/post/261
MP00262,Female,24,2020-07-15,14:22,Street 14,14.645366879039655,121.00915135684893,Tondo,https://example.com/post/262
MP00263,Female,7,2021-02-07,09:16,Street 66,14.66016745008052,121.0761131179429,Sampaloc,https://example.com/post/263
MP00264,Male,26,2023-01-10,02:09,Street 98,14.604491985715885,121.00381533711463,Binondo,https://example.com/post/264
MP00265,Male,5,2021-08-08,05:19,Street 91,14.632262803737495,121.02932085255837,Binondo,https://example.com/post/265
MP00266,Male,72,2021-01-01,09:08,Street 97,14.58816904180597,121.0512092210358,Sampaloc,https://example.com/post/266
MP00267,Female,71,2020-09-14,15:20,Street 22,14.56654403783232,120.98758883661719,Ermita,https://example.com/post/267
MP00268,Female,21,2024-01-12,09:35,Street 73,14.599031578933463,121.01946780379689,Paco,https://example.com/post/268
MP00269,Male,48,2023-04-04,14:14,Street 4,14.592472010654651,121.03625173200695,Paco,https://example.com/post/269
MP00270,Female,19,2021-01-11,14:31,Street 52,14.685691678084108,121.07702908157381,Intramuros,https://example.com/post/270
MP00271,Female,16,2022-08-01,15:17,Street 94,14.58552790328808,120.96678965788304,Tondo,https://example.com/post/271
MP00272,Female,25,2023-04-02,23:26,Street 8,14.603687588409441,121.04015179034229,Santa Cruz,https://example.com/post/272
MP00273,Male,31,2024-06-30,20:01,Street 61,14.581579154724214,121.01550796731023,San Nicolas,https://example.com/post/273
MP00274,Male,41,2021-11-10,21:10,Street 58,14.671793331575376,121.05812163910255,Binondo,https://example.com/post/274
MP00275,Female,10,2024-05-15,13:37,Street 1,14.576907768410848,120.93880653687604,Sampaloc,https://example.com/post/275
MP00276,Male,49,2021-03-30,11:59,Street 27,14.587254087959534,120.95642280420427,Quiapo,https://example.com/post/276
MP00277,Female,16,2023-09-04,04:35,Street 49,14.566203945948995,121.03295666601593,San Nicolas,https://example.com/post/277
MP00278,Female,39,2022-10-07,11:22,Street 80,14.604504007388496,121.00527187131479,Santa Cruz,https://example.com/post/278
MP00279,Female,24,2021-11-02,04:05,Street 18,14.553067391866003,120.96288600565289,Port Area,https://example.com/post/279
MP00280,Male,9,2021-02-19,08:41,Street 28,14.579734622836465,120.94854590513104,Sta. Mesa,https://example.com/post/280
MP00281,Female,26,2024-08-14,09:39,Street 47,14.674676705934228,121.03360147949424,San Nicolas,https://example.com/post/281
MP00282,Female,5,2020-05-20,06:23,Street 26,14.587142150625354,120.9629643789208,Poblacion,https://example.com/post/282
MP00283,Female,24,2022-10-27,02:14,Street 29,14.593569022333133,120.97250758860085,Malate,https://example.com/post/283
MP00284,Female,31,2020-01-25,18:43,Street 51,14.628771950276972,121.06616473759142,Sampaloc,https://example.com/post/284
MP00285,Female,20,2021-10-20,17:50,Street 48,14.620383821775818,121.04663793794852,San Miguel,https://example.com/post/285
MP00286,Female,26,2023-09-20,21:14,Street 20,14.566137561323568,121.00942432822713,Paco,https://example.com/post/286
MP00287,Male,14,2020-01-03,10:31,Street 91,14.64935985716113,121.03797251557101,Port Area,https://example.com/post/287
MP00288,Male,11,2022-06-23,03:07,Street 73,14.657014717977548,121.05551258460918,San Nicolas,https://example.com/post/288
MP00289,Female,16,2022-03-17,06:27,Street 9,14.623190130796495,121.03808113374751,Intramuros,https://example.com/post/289
MP00290,Female,20,2023-11-24,09:11,Street 42,14.532715434992838,121.01736351655326,Paco,https://example.com/post/290
MP00291,Female,43,2021-09-07,09:43,Street 11,14.560298852153132,121.00730831201017,Intramuros,https://example.com/post/291
MP00292,Female,19,2021-01-05,02:29,Street 61,14.578694165435449,120.98900849753677,Poblacion,https://example.com/post/292
MP00293,Female,40,2024-07-03,22:54,Street 70,14.573479267885164,121.00300753502516,Quiapo,https://example.com/post/293
MP00294,Female,11,2020-06-09,02:14,Street 5,14.569486116816647,121.04072678311877,Pandacan,https://example.com/post/294
MP00295,Male,25,2020-12-31,07:10,Street 97,14.60199018777588,121.05071042686578,Sampaloc,https://example.com/post/295
MP00296,Male,13,2021-04-02,02:51,Street 75,14.59153577359974,120.98944937588027,Sta. Mesa,https://example.com/post/296
MP00297,Female,64,2021-05-22,03:31,Street 55,14.58307719933137,121.00582733563662,Intramuros,https://example.com/post/297
MP00298,Male,20,2020-12-04,19:47,Street 83,14.615672600868644,121.01884859012382,Tondo,https://example.com/post/298
MP00299,Female,20,2024-09-28,19:37,Street 25,14.646570380296463,121.0606096279761,Port Area,https://example.com/post/299
MP00300,Female,6,2022-06-06,08:53,Street 74,14.669464439953115,121.04230125097136,Sampaloc,https://example.com/post/300
MP00301,Female,23,2020-07-11,17:19,Street 50,14.66570573820162,121.06138463894227,Poblacion,https://example.com/post/301
MP00302,Male,23,2023-02-15,12:01,Street 37,14.667630361834547,121.05939532876992,Poblacion,https://example.com/post/302
MP00303,Male,23,2022-05-25,19:51,Street 55,14.612122208745696,121.0376055287673,Port Area,https://example.com/post/303
MP00304,Male,16,2023-06-16,16:46,Street 95,14.659275812798775,121.04257784194903,Tondo,https://example.com/post/304
MP00305,Female,24,2024-10-23,18:45,Street 11,14.62334993118063,120.98179772713577,San Miguel,https://example.com/post/305
MP00306,Female,23,2022-02-01,04:56,Street 40,14.585225780246784,121.01627307100617,Quiapo,https://example.com/post/306
MP00307,Male,13,2020-04-19,12:31,Street 36,14.572190341482651,121.01140469546303,Malate,https://example.com/post/307
MP00308,Female,25,2020-06-14,04:37,Street 10,14.601511910020283,121.02894130498329,Quiapo,https://example.com/post/308
MP00309,Female,24,2022-01-04,12:24,Street 48,14.647485251173764,121.07011694609736,San Miguel,https://example.com/post/309
MP00310,Female,21,2022-11-21,11:37,Street 83,14.654179222993715,121.02861852867217,Pandacan,https://example.com/post/310
MP00311,Female,38,2024-01-02,05:18,Street 77,14.594037552951862,121.00528863309947,Binondo,https://example.com/post/311
MP00312,Female,11,2023-03-01,20:29,Street 67,14.599075604668963,121.021219095792,Pandacan,https://example.com/post/312
MP00313,Male,38,2021-02-09,09:02,Street 59,14.659539720127901,121.04079229047207,Pandacan,https://example.com/post/313
MP00314,Female,37,2024-09-21,09:49,Street 49,14.609892289196956,121.01676691918783,Ermita,https://example.com/post/314
MP00315,Female,68,2021-04-25,07:07,Street 59,14.541953845059425,121.03356773407103,San Nicolas,https://example.com/post/315
MP00316,Male,57,2022-06-05,13:29,Street 82,14.665543056087529,121.06937633289557,Paco,https://example.com/post/316
MP00317,Male,8,2021-09-19,00:56,Street 52,14.65352514280175,121.00678867040386,Binondo,https://example.com/post/317
MP00318,Female,8,2024-10-09,07:26,Street 62,14.612484575806103,120.99934786937955,Pandacan,https://example.com/post/318
MP00319,Female,15,2022-06-01,20:39,Street 23,14.574425997402036,120.9934533227364,Quiapo,https://example.com/post/319
MP00320,Male,26,2021-05-13,20:50,Street 66,14.631538114219643,121.00593192138943,Intramuros,https://example.com/post/320
MP00321,Female,56,2022-10-26,03:21,Street 90,14.674869010160364,121.0834565401202,Poblacion,https://example.com/post/321
MP00322,Male,13,2024-05-12,07:55,Street 28,14.639496269495636,121.00895076830558,Poblacion,https://example.com/post/322
MP00323,Male,68,2021-03-22,08:46,Street 16,14.629031410211589,121.01297009241544,Quiapo,https://example.com/post/323
MP00324,Male,8,2022-01-18,08:25,Street 20,14.537095596183553,120.99919371417313,Quiapo,https://example.com/post/324
MP00325,Female,15,2023-05-03,14:33,Street 87,14.597989156768492,121.00486643842326,Intramuros,https://example.com/post/325
MP00326,Female,19,2020-05-08,19:21,Street 85,14.631812402943659,121.00017412975177,Port Area,https://example.com/post/326
MP00327,Female,21,2023-03-12,04:05,Street 47,14.53998793398903,120.98260114716783,Tondo,https://example.com/post/327
MP00328,Male,16,2022-01-08,16:07,Street 75,14.536452250949752,121.02816935458132,Paco,https://example.com/post/328
MP00329,Male,28,2022-05-19,10:27,Street 76,14.561769148607606,120.97223283947176,Tondo,https://example.com/post/329
MP00330,Male,57,2022-08-17,14:33,Street 31,14.622652793769667,121.03811002721324,Ermita,https://example.com/post/330
MP00331,Male,18,2021-07-05,20:14,Street 81,14.591227889331568,121.0219537531468,Sampaloc,https://example.com/post/331
MP00332,Male,43,2024-09-06,12:05,Street 35,14.624956728628316,121.02145763629774,Port Area,https://example.com/post/332
MP00333,Female,0,2020-09-25,16:22,Street 89,14.606285024925127,120.9859267037683,San Miguel,https://example.com/post/333
MP00334,Female,19,2021-01-24,12:06,Street 44,14.605584361564668,121.03046543281805,Tondo,https://example.com/post/334
MP00335,Female,46,2024-06-23,16:06,Street 50,14.671337359650698,121.07631606534726,Poblacion,https://example.com/post/335
MP00336,Female,4,2022-04-05,03:44,Street 90,14.629314262891624,121.01366108537322,Pandacan,https://example.com/post/336
MP00337,Female,15,2020-05-15,23:43,Street 57,14.565578323406443,120.98282443102953,Santa Cruz,https://example.com/post/337
MP00338,Male,19,2022-01-02,23:57,Street 4,14.60471152148153,121.02052160598963,Paco,https://example.com/post/338
MP00339,Female,36,2021-08-30,09:10,Street 43,14.607968230222001,121.04667941579588,Poblacion,https://example.com/post/339
MP00340,Male,53,2022-09-05,15:54,Street 11,14.532308885478232,121.00961966259958,Paco,https://example.com/post/340
MP00341,Female,0,2024-04-02,04:46,Street 87,14.647135610392295,121.02211504489564,Port Area,https://example.com/post/341
MP00342,Female,14,2021-01-02,13:34,Street 48,14.592943529473146,120.97743012071416,San Miguel,https://example.com/post/342
MP00343,Male,1,2024-05-18,16:50,Street 18,14.601626758434715,121.01215457178813,Santa Cruz,https://example.com/post/343
MP00344,Female,54,2020-08-26,14:07,Street 7,14.562572510051721,120.99810269096768,Intramuros,https://example.com/post/344
MP00345,Male,0,2020-01-17,21:28,Street 47,14.578904870010138,121.01901966907171,Pandacan,https://example.com/post/345
MP00346,Female,21,2020-07-13,22:51,Street 29,14.518260235613567,120.96970355886756,Ermita,https://example.com/post/346
MP00347,Female,13,2022-07-06,10:53,Street 93,14.583372746057275,120.9572883319979,Ermita,https://example.com/post/347
MP00348,Female,23,2024-11-01,08:31,Street 4,14.548449676786486,121.03660046339569,San Miguel,https://example.com/post/348
MP00349,Male,79,2024-05-29,08:41,Street 95,14.6116710784678,121.01482436789618,Tondo,https://example.com/post/349
MP00350,Male,22,2023-04-27,23:16,Street 96,14.572559077402175,121.06099240403432,Port Area,https://example.com/post/350
MP00351,Male,21,2022-06-25,16:32,Street 75,14.542999890512501,120.9665667619936,Pandacan,https://example.com/post/351
MP00352,Male,1,2021-12-11,17:42,Street 75,14.623044135961045,120.99694707365751,Paco,https://example.com/post/352
MP00353,Male,18,2022-05-30,05:27,Street 25,14.674369873337799,121.02583918265248,Paco,https://example.com/post/353
MP00354,Male,7,2022-04-24,21:56,Street 84,14.588097185207957,121.03744990298675,San Miguel,https://example.com/post/354
MP00355,Male,7,2020-01-12,19:38,Street 60,14.658043403204669,121.02470815108433,San Miguel,https://example.com/post/355
MP00356,Female,1,2022-07-11,19:38,Street 24,14.623391268623683,121.00261451025789,Malate,https://example.com/post/356
MP00357,Female,1,2024-10-17,03:21,Street 78,14.633426240786989,121.0256427842642,Intramuros,https://example.com/post/357
MP00358,Female,16,2022-07-29,15:58,Street 69,14.578625535361065,120.98024869533748,Ermita,https://example.com/post/358
MP00359,Male,18,2024-10-07,14:43,Street 17,14.600652164748409,121.01189663782453,Binondo,https://example.com/post/359
MP00360,Male,44,2021-01-06,02:16,Street 92,14.539496211020758,121.03014266708246,Santa Cruz,https://example.com/post/360
MP00361,Male,63,2023-05-09,07:54,Street 1,14.577991957247521,120.98828115542231,Ermita,https://example.com/post/361
MP00362,Male,44,2020-02-23,14:00,Street 81,14.55406975351154,121.02989483805493,San Miguel,https://example.com/post/362
MP00363,Female,20,2023-02-09,12:19,Street 73,14.581827819619953,120.9983438599797,Tondo,https://example.com/post/363
MP00364,Male,45,2020-07-06,07:51,Street 72,14.557057690122068,121.02097298014392,San Nicolas,https://example.com/post/364
MP00365,Female,11,2020-10-25,22:13,Street 11,14.608021903019885,121.00265392839246,San Nicolas,https://example.com/post/365
MP00366,Female,40,2022-07-30,19:53,Street 47,14.648517285414355,121.02191062601845,Quiapo,https://example.com/post/366
MP00367,Female,22,2021-10-13,12:24,Street 54,14.670914043291722,121.06438087889053,Binondo,https://example.com/post/367
MP00368,Male,78,2020-10-31,22:49,Street 28,14.535405891484986,121.05696937109545,Sta. Mesa,https://example.com/post/368
MP00369,Male,20,2024-01-30,12:14,Street 89,14.587623771838627,120.98088737179364,Santa Cruz,https://example.com/post/369
MP00370,Female,23,2023-06-23,08:09,Street 10,14.639366890042789,121.05193031585684,Binondo,https://example.com/post/370
MP00371,Male,18,2023-04-26,06:29,Street 50,14.559628136940722,120.96712886748365,Binondo,https://example.com/post/371
MP00372,Male,28,2020-10-18,15:34,Street 47,14.539479034991118,120.99559406628168,Sta. Mesa,https://example.com/post/372
MP00373,Male,16,2024-04-23,01:43,Street 12,14.678180426842664,121.01854373715861,Port Area,https://example.com/post/373
MP00374,Male,27,2024-01-18,21:18,Street 18,14.540565404729616,121.0423729691737,Intramuros,https://example.com/post/374
MP00375,Female,15,2022-05-11,20:14,Street 2,14.584373903672445,120.96741521534001,Ermita,https://example.com/post/375
MP00376,Male,14,2021-02-25,17:03,Street 98,14.57285159123583,120.95008941000847,Paco,https://example.com/post/376
MP00377,Male,13,2022-11-14,18:54,Street 49,14.617983966545813,121.04432645915472,Binondo,https://example.com/post/377
MP00378,Male,10,2021-04-24,14:02,Street 83,14.637107995895905,121.03338449407892,San Nicolas,https://example.com/post/378
MP00379,Male,13,2023-11-20,14:03,Street 51,14.565798803991347,120.99542820394967,Malate,https://example.com/post/379
MP00380,Female,2,2023-09-18,06:37,Street 98,14.653230464100362,121.0347088380627,Binondo,https://example.com/post/380
MP00381,Female,62,2024-02-23,13:47,Street 78,14.591263532620728,120.98683855933544,Binondo,https://example.com/post/381
MP00382,Female,10,2024-04-02,18:55,Street 27,14.56108320580184,121.02702041524158,Intramuros,https://example.com/post/382
MP00383,Female,66,2021-04-25,15:23,Street 48,14.592273788760656,120.98291631677422,Tondo,https://example.com/post/383
MP00384,Female,19,2023-02-15,11:46,Street 77,14.569859653647804,120.97293086441299,San Miguel,https://example.com/post/384
MP00385,Female,23,2022-09-25,10:54,Street 86,14.619303895129798,120.99269512362265,Tondo,https://example.com/post/385
MP00386,Male,29,2021-11-29,02:39,Street 80,14.675116425976261,121.03186452437576,Sampaloc,https://example.com/post/386
MP00387,Female,11,2021-10-23,21:20,Street 26,14.599174695485472,121.01660516897267,Quiapo,https://example.com/post/387
MP00388,Female,15,2022-07-27,06:22,Street 91,14.603761969635276,120.95382517943014,Paco,https://example.com/post/388
MP00389,Male,24,2021-11-10,08:52,Street 57,14.568278939755245,121.00815195302125,Intramuros,https://example.com/post/389
MP00390,Female,21,2024-05-31,08:01,Street 25,14.590141315917178,121.00653081718556,San Nicolas,https://example.com/post/390
MP00391,Male,52,2022-10-17,02:32,Street 24,14.62582445873643,121.01883693796401,Santa Cruz,https://example.com/post/391
MP00392,Female,2,2020-12-09,10:33,Street 89,14.591312960138415,121.04986568187246,San Miguel,https://example.com/post/392
MP00393,Male,15,2021-06-11,11:39,Street 55,14.570450355982523,121.00343967477147,San Miguel,https://example.com/post/393
MP00394,Male,9,2020-01-21,19:17,Street 60,14.649336519928852,120.99491726925301,Quiapo,https://example.com/post/394
MP00395,Male,7,2021-05-30,19:04,Street 5,14.57933536458979,120.99159077285887,Ermita,https://example.com/post/395
MP00396,Male,27,2022-02-10,08:29,Street 11,14.610324552169404,121.02379510646732,Santa Cruz,https://example.com/post/396
MP00397,Female,26,2023-01-02,06:39,Street 64,14.617396241915719,120.97721365637915,Tondo,https://example.com/post/397
MP00398,Male,15,2020-06-27,01:24,Street 13,14.572818134299677,120.98511639562192,San Nicolas,https://example.com/post/398
MP00399,Male,14,2021-11-28,14:15,Street 88,14.555144078690853,120.99518150122697,Binondo,https://example.com/post/399
MP00400,Male,18,2024-04-19,16:24,Street 16,14.542140348270348,121.045423675603,Intramuros,https://example.com/post/400
MP00401,Female,43,2024-03-03,03:24,Street 6,14.634479982727424,121.02711907099676,Quiapo,https://example.com/post/401
MP00402,Male,14,2024-01-02,02:10,Street 38,14.612087269645423,121.0295828059211,Paco,https://example.com/post/402
MP00403,Male,69,2023-04-22,06:08,Street 1,14.648122016317636,121.05621308272825,Paco,https://example.com/post/403
MP00404,Male,15,2020-08-24,22:40,Street 75,14.584180932002923,121.05103176064975,San Nicolas,https://example.com/post/404
MP00405,Female,33,2020-06-13,19:46,Street 62,14.551936061965577,121.01109023523397,Santa Cruz,https://example.com/post/405
MP00406,Male,16,2023-09-02,14:05,Street 27,14.591737637838678,121.01877864724118,Intramuros,https://example.com/post/406
MP00407,Male,8,2021-01-21,16:12,Street 1,14.58139143463771,121.0381657081033,San Miguel,https://example.com/post/407
MP00408,Male,64,2023-01-10,16:36,Street 78,14.528964774106946,121.02656001487894,Binondo,https://example.com/post/408
MP00409,Male,19,2022-11-11,01:03,Street 85,14.527855934846434,120.95979216732492,Tondo,https://example.com/post/409
MP00410,Male,16,2020-11-20,01:08,Street 86,14.5923075945349,121.04425544041943,Sampaloc,https://example.com/post/410
MP00411,Male,13,2022-08-18,00:27,Street 55,14.612088389470184,121.016532155994,Ermita,https://example.com/post/411
MP00412,Female,18,2022-11-07,14:17,Street 23,14.55257024233639,121.01532415029672,Sampaloc,https://example.com/post/412
MP00413,Male,25,2024-09-27,00:03,Street 49,14.651446223493243,121.03940649350105,Ermita,https://example.com/post/413
MP00414,Male,10,2021-06-04,19:23,Street 27,14.614868222974321,121.0110461595112,Sampaloc,https://example.com/post/414
MP00415,Female,33,2022-09-08,18:40,Street 42,14.572716765289272,120.98739486734101,San Miguel,https://example.com/post/415
MP00416,Male,13,2021-02-01,01:34,Street 1,14.578373440013886,120.96302992558009,Ermita,https://example.com/post/416
MP00417,Female,22,2020-06-27,15:27,Street 65,14.560305508551632,120.9789015806396,Ermita,https://example.com/post/417
MP00418,Male,15,2024-09-18,03:13,Street 78,14.602268241569826,121.02233468713484,Tondo,https://example.com/post/418
MP00419,Male,23,2023-01-09,05:18,Street 18,14.632017045737843,121.06167916816543,Sampaloc,https://example.com/post/419
MP00420,Female,13,2020-01-27,01:54,Street 97,14.562813904612685,120.96071457645365,Tondo,https://example.com/post/420
MP00421,Female,26,2021-02-16,17:42,Street 7,14.600343729692447,120.94767865816456,Binondo,https://example.com/post/421
MP00422,Male,24,2021-06-01,00:09,Street 63,14.637299897946411,120.99784271933491,Intramuros,https://example.com/post/422
MP00423,Female,28,2021-12-20,03:49,Street 71,14.623530580589144,121.02444631829324,Paco,https://example.com/post/423
MP00424,Male,8,2020-03-14,23:32,Street 17,14.577300943259276,121.00714122755682,Quiapo,https://example.com/post/424
MP00425,Female,13,2023-09-03,07:57,Street 75,14.570027451922147,120.99884475823052,Malate,https://example.com/post/425
MP00426,Male,70,2021-08-08,08:13,Street 49,14.541771371422055,120.96825315077885,Paco,https://example.com/post/426
MP00427,Female,29,2020-09-21,13:27,Street 49,14.573700316573394,121.02926009444109,San Miguel,https://example.com/post/427
MP00428,Male,41,2021-08-10,19:35,Street 7,14.540184047988808,120.98686126718522,Port Area,https://example.com/post/428
MP00429,Female,27,2023-02-26,05:15,Street 20,14.563286816456035,121.03199279296771,Tondo,https://example.com/post/429
MP00430,Female,13,2023-09-19,10:01,Street 14,14.592681665878162,120.97925344533844,Pandacan,https://example.com/post/430
MP00431,Male,19,2022-02-19,07:01,Street 73,14.600695356747467,121.00319045835923,Tondo,https://example.com/post/431
MP00432,Female,21,2023-11-04,03:13,Street 16,14.595606095925628,120.98644967248133,Santa Cruz,https://example.com/post/432
MP00433,Female,42,2023-04-30,18:39,Street 71,14.609626556678853,121.03696905766283,Santa Cruz,https://example.com/post/433
MP00434,Male,22,2021-06-06,16:25,Street 21,14.565452598058998,121.03296372495622,Quiapo,https://example.com/post/434
MP00435,Female,20,2024-06-29,11:54,Street 34,14.58654908676573,120.99391508027715,Binondo,https://example.com/post/435
MP00436,Female,13,2022-08-15,20:21,Street 4,14.596935469851104,121.02956231255489,San Miguel,https://example.com/post/436
MP00437,Male,26,2021-09-28,20:35,Street 10,14.559713738519187,120.98886885956996,Malate,https://example.com/post/437
MP00438,Male,48,2022-05-23,06:19,Street 88,14.5714244215775,121.00961962206001,Tondo,https://example.com/post/438
MP00439,Male,11,2023-06-23,18:49,Street 38,14.623164543474259,120.9670237454416,Quiapo,https://example.com/post/439
MP00440,Female,48,2023-11-06,11:47,Street 42,14.698515323295355,121.05694184187486,Sta. Mesa,https://example.com/post/440
MP00441,Male,9,2021-06-27,22:28,Street 31,14.640607789481123,121.02287581627478,Tondo,https://example.com/post/441
MP00442,Female,21,2022-07-17,13:23,Street 72,14.589883324209762,120.9981233599432,Paco,https://example.com/post/442
MP00443,Female,27,2020-06-25,03:41,Street 19,14.544636861914515,120.99616867689632,San Miguel,https://example.com/post/443
MP00444,Male,18,2023-06-28,17:56,Street 5,14.558042951362081,120.96428976147821,San Nicolas,https://example.com/post/444
MP00445,Female,10,2021-09-07,12:36,Street 86,14.5551270824654,120.96331034248276,Pandacan,https://example.com/post/445
MP00446,Female,39,2023-03-20,09:51,Street 77,14.60080768500446,121.04118012285323,Binondo,https://example.com/post/446
MP00447,Female,16,2022-01-29,00:03,Street 11,14.593917529239976,120.96786745224881,Pandacan,https://example.com/post/447
MP00448,Male,73,2022-10-05,03:39,Street 80,14.576677610458876,121.01578548446525,Intramuros,https://example.com/post/448
MP00449,Female,29,2020-12-18,02:04,Street 98,14.546154488145177,120.9592125174569,Port Area,https://example.com/post/449
MP00450,Female,22,2022-12-01,18:09,Street 43,14.587127591496444,121.05071008574542,Binondo,https://example.com/post/450
MP00451,Female,21,2021-06-05,11:33,Street 36,14.5477550268956,120.96598909647844,Malate,https://example.com/post/451
MP00452,Female,26,2022-07-27,12:49,Street 79,14.670378453628615,121.05728143420228,Pandacan,https://example.com/post/452
MP00453,Male,33,2022-05-13,16:37,Street 23,14.591450819035355,120.99382858715637,Sampaloc,https://example.com/post/453
MP00454,Female,38,2020-07-17,14:39,Street 48,14.539995979304736,121.05752416504114,Santa Cruz,https://example.com/post/454
MP00455,Female,45,2021-01-14,11:29,Street 36,14.668526073737395,121.04948459717988,Santa Cruz,https://example.com/post/455
MP00456,Female,42,2023-08-27,14:22,Street 28,14.584183800398826,120.98350956400337,Malate,https://example.com/post/456
MP00457,Female,14,2020-11-28,12:43,Street 7,14.571027084933805,120.94047280432459,Binondo,https://example.com/post/457
MP00458,Female,15,2024-09-25,09:09,Street 91,14.550776237082951,121.01097712786473,Pandacan,https://example.com/post/458
MP00459,Male,6,2022-05-30,19:39,Street 38,14.629377334570535,121.0506242474279,Sta. Mesa,https://example.com/post/459
MP00460,Female,21,2020-08-08,06:57,Street 91,14.658615976974195,121.0546710162391,Malate,https://example.com/post/460
MP00461,Male,16,2021-11-24,00:00,Street 3,14.494547353206125,121.03582358812439,San Nicolas,https://example.com/post/461
MP00462,Female,42,2023-03-22,15:22,Street 70,14.555472790697435,120.93421372898163,Santa Cruz,https://example.com/post/462
MP00463,Female,15,2022-04-28,19:08,Street 17,14.593338930035397,120.98013018401916,Sta. Mesa,https://example.com/post/463
MP00464,Male,37,2024-04-01,03:37,Street 25,14.646232948731239,121.01266468057813,Malate,https://example.com/post/464
MP00465,Female,13,2023-03-15,02:22,Street 81,14.544348278950675,121.01843481025371,Poblacion,https://example.com/post/465
MP00466,Female,13,2022-03-05,14:58,Street 59,14.55824758341829,120.98240253535562,Port Area,https://example.com/post/466
MP00467,Female,28,2022-11-16,21:30,Street 34,14.579045501797811,121.02530822346235,Tondo,https://example.com/post/467
MP00468,Female,58,2021-05-25,04:13,Street 92,14.552865879517098,121.00664460976922,Port Area,https://example.com/post/468
MP00469,Male,14,2023-12-06,05:54,Street 68,14.545015462370362,121.04286244535541,Intramuros,https://example.com/post/469
MP00470,Female,13,2020-05-19,17:01,Street 74,14.572328519694851,120.96260527357448,Intramuros,https://example.com/post/470
MP00471,Female,24,2023-06-29,18:33,Street 44,14.577887620866012,121.0438620312203,Intramuros,https://example.com/post/471
MP00472,Female,5,2021-05-29,16:06,Street 13,14.574687780150073,121.00736425300927,Quiapo,https://example.com/post/472
MP00473,Female,3,2024-04-01,20:23,Street 4,14.601455455228677,121.0086900811265,Quiapo,https://example.com/post/473
MP00474,Female,23,2022-05-18,03:45,Street 78,14.62202948055423,121.00729777623874,Paco,https://example.com/post/474
MP00475,Male,32,2023-06-18,10:58,Street 90,14.62883026532628,121.05936372284513,Sampaloc,https://example.com/post/475
MP00476,Male,11,2021-03-17,12:11,Street 13,14.638789301296324,121.06741066154663,Quiapo,https://example.com/post/476
MP00477,Female,25,2023-09-21,23:09,Street 34,14.618560765643204,121.0093885585593,Santa Cruz,https://example.com/post/477
MP00478,Female,21,2022-12-29,06:16,Street 45,14.614528280856502,121.0403849578167,Sta. Mesa,https://example.com/post/478
MP00479,Female,1,2023-04-04,16:51,Street 33,14.594921364916559,120.94724373086919,Sampaloc,https://example.com/post/479
MP00480,Male,13,2023-04-04,11:17,Street 87,14.598587381320293,121.0229481402668,Poblacion,https://example.com/post/480
MP00481,Female,24,2021-11-11,12:26,Street 26,14.712552825569254,121.02011115533173,Tondo,https://example.com/post/481
MP00482,Male,39,2024-05-07,06:03,Street 3,14.632476871148054,121.014052312104,Quiapo,https://example.com/post/482
MP00483,Female,6,2020-01-21,17:58,Street 65,14.598001121182786,120.9960557702828,Intramuros,https://example.com/post/483
MP00484,Male,8,2022-06-15,09:04,Street 9,14.617628357687504,121.05469227688137,San Miguel,https://example.com/post/484
MP00485,Male,65,2020-01-10,09:04,Street 90,14.624632920567883,121.0211773143408,Paco,https://example.com/post/485
MP00486,Male,9,2020-08-23,02:51,Street 47,14.601508072189198,120.99611739287369,Intramuros,https://example.com/post/486
MP00487,Male,14,2020-05-28,13:24,Street 11,14.540776831710687,120.9325906396175,Quiapo,https://example.com/post/487
MP00488,Female,23,2021-06-16,15:08,Street 15,14.57236128860601,120.98866306109495,Port Area,https://example.com/post/488
MP00489,Male,13,2023-01-12,05:27,Street 48,14.625684278816525,121.04075570192342,Sampaloc,https://example.com/post/489
MP00490,Female,27,2021-05-25,22:28,Street 5,14.553257667625735,120.95053743290444,San Nicolas,https://example.com/post/490
MP00491,Male,22,2022-04-13,21:02,Street 6,14.591714952895682,121.01544069667686,Paco,https://example.com/post/491
MP00492,Female,19,2021-05-20,15:19,Street 65,14.63499971169634,121.0331844070468,Poblacion,https://example.com/post/492
MP00493,Male,15,2022-01-18,11:44,Street 26,14.589982893268132,120.98281395941258,Paco,https://example.com/post/493
MP00494,Female,32,2020-08-30,03:42,Street 69,14.612798580398117,120.96890056493243,Santa Cruz,https://example.com/post/494
MP00495,Female,15,2023-05-23,04:47,Street 79,14.557224430876264,120.95014982621119,San Miguel,https://example.com/post/495
MP00496,Male,21,2020-10-02,21:35,Street 55,14.57299625391686,120.99508075713548,Binondo,https://example.com/post/496
MP00497,Female,43,2020-11-02,03:35,Street 52,14.589482831271514,121.02296229222783,Malate,https://example.com/post/497
MP00498,Male,1,2024-04-06,20:16,Street 80,14.63603286862869,120.99707576296295,Pandacan,https://example.com/post/498
MP00499,Female,13,2020-08-25,18:40,Street 83,14.660716631820085,121.03183052397317,Sta. Mesa,https://example.com/post/499
MP00500,Male,24,2021-06-24,09:42,Street 81,14.57212325153724,121.0034554623598,Malate,https://example.com/post/500
